GROUP,PACKAGE,CLASS,INSTRUCTION_MISSED,INSTRUCTION_COVERED,BRANCH_MISSED,BRANCH_COVERED,LINE_MISSED,LINE_COVERED,COMPLEXITY_MISSED,COMPLEXITY_COVERED,METHOD_MISSED,METHOD_COVERED
PMML class model evaluator code coverage,org.jpmml.evaluator.mining,MiningModelEvaluator,304,880,43,90,51,219,44,55,5,23
PMML class model evaluator code coverage,org.jpmml.evaluator.mining,SegmentResult,12,51,0,0,4,19,2,8,2,8
PMML class model evaluator code coverage,org.jpmml.evaluator.mining,MiningModelUtil.new ProbabilityAggregator() {...},11,0,0,0,2,0,2,0,2,0
PMML class model evaluator code coverage,org.jpmml.evaluator.mining,MiningModelUtil.new ProbabilityAggregator() {...},10,0,0,0,2,0,2,0,2,0
PMML class model evaluator code coverage,org.jpmml.evaluator.mining,MiningModelUtil.new VoteAggregator() {...},0,9,0,0,0,2,0,2,0,2
PMML class model evaluator code coverage,org.jpmml.evaluator.mining,MiningModelUtil.new Object() {...},12,81,0,0,0,2,0,1,0,1
PMML class model evaluator code coverage,org.jpmml.evaluator.mining,MiningModelUtil.new ProbabilityAggregator() {...},10,0,0,0,2,0,2,0,2,0
PMML class model evaluator code coverage,org.jpmml.evaluator.mining,MiningVoteDistribution,0,9,0,0,0,4,0,2,0,2
PMML class model evaluator code coverage,org.jpmml.evaluator.mining,MiningScore,0,4,0,0,0,2,0,1,0,1
PMML class model evaluator code coverage,org.jpmml.evaluator.mining,MiningModelEvaluator.new MiningScore() {...},3,10,0,0,1,1,1,1,1,1
PMML class model evaluator code coverage,org.jpmml.evaluator.mining,MiningModelEvaluator.new MiningProbabilityDistribution() {...},3,10,0,0,1,1,1,1,1,1
PMML class model evaluator code coverage,org.jpmml.evaluator.mining,MiningModelEvaluator.new CacheLoader() {...},0,10,0,0,0,3,0,2,0,2
PMML class model evaluator code coverage,org.jpmml.evaluator.mining,MiningModelEvaluator.new Object() {...},12,77,0,0,0,1,0,1,0,1
PMML class model evaluator code coverage,org.jpmml.evaluator.mining,MiningModelEvaluator.new SegmentResult() {...},0,20,0,0,0,3,0,3,0,3
PMML class model evaluator code coverage,org.jpmml.evaluator.mining,MiningModelEvaluator.new Function() {...},6,0,0,0,2,0,2,0,2,0
PMML class model evaluator code coverage,org.jpmml.evaluator.mining,MiningModelEvaluator.new MiningProbabilityDistribution() {...},13,0,0,0,2,0,2,0,2,0
PMML class model evaluator code coverage,org.jpmml.evaluator.mining,MiningModelEvaluator.new MiningVoteDistribution() {...},3,10,0,0,1,1,1,1,1,1
PMML class model evaluator code coverage,org.jpmml.evaluator.mining,MiningModelEvaluationContext,7,92,3,7,1,26,2,12,0,9
PMML class model evaluator code coverage,org.jpmml.evaluator.mining,MiningProbabilityDistribution,0,4,0,0,0,2,0,1,0,1
PMML class model evaluator code coverage,org.jpmml.evaluator.mining,MiningModelUtil,241,193,49,31,66,55,39,15,1,2
PMML class model evaluator code coverage,org.jpmml.evaluator.mining,MiningModelUtil.Fraction,0,58,0,4,0,11,0,4,0,2
PMML class model evaluator code coverage,org.jpmml.evaluator.scorecard,ScorecardEvaluator.new Object() {...},2,17,0,0,0,1,0,1,0,1
PMML class model evaluator code coverage,org.jpmml.evaluator.scorecard,ScorecardEvaluator.new VoteAggregator() {...},0,12,0,0,0,2,0,2,0,2
PMML class model evaluator code coverage,org.jpmml.evaluator.scorecard,ScorecardEvaluator,70,194,16,27,16,59,18,9,2,3
PMML class model evaluator code coverage,org.jpmml.evaluator.scorecard,ReasonCodeRanking,21,28,1,1,6,10,2,4,1,4
PMML class model evaluator code coverage,org.jpmml.evaluator.java,JavaModel,368,0,8,0,84,0,35,0,31,0
PMML class model evaluator code coverage,org.jpmml.evaluator.java,JavaModelEvaluator,33,0,0,0,9,0,5,0,5,0
PMML class model evaluator code coverage,org.jpmml.evaluator.tree,TreeModelEvaluator.new NodeVote() {...},6,11,0,0,1,2,1,2,1,2
PMML class model evaluator code coverage,org.jpmml.evaluator.tree,TreeModelEvaluator.new NodeScore() {...},10,8,0,0,2,1,2,1,2,1
PMML class model evaluator code coverage,org.jpmml.evaluator.tree,TreeModelEvaluator.new PathFinder() {...},0,14,0,0,0,2,0,2,0,2
PMML class model evaluator code coverage,org.jpmml.evaluator.tree,TreeModelEvaluator.new NodeScoreDistribution() {...},6,12,0,0,1,2,1,2,1,2
PMML class model evaluator code coverage,org.jpmml.evaluator.tree,TreeModelEvaluator.new Object() {...},6,45,0,0,0,2,0,1,0,1
PMML class model evaluator code coverage,org.jpmml.evaluator.tree,TreeModelEvaluator.new CacheLoader() {...},0,52,0,4,0,12,0,5,0,3
PMML class model evaluator code coverage,org.jpmml.evaluator.tree,NodeScoreDistribution,49,91,7,5,11,30,8,12,3,11
PMML class model evaluator code coverage,org.jpmml.evaluator.tree,NodeVote,13,37,1,1,4,14,2,5,1,5
PMML class model evaluator code coverage,org.jpmml.evaluator.tree,PathFinder,0,58,1,5,0,17,1,6,0,4
PMML class model evaluator code coverage,org.jpmml.evaluator.tree,TreeModelEvaluator,98,577,21,69,19,146,22,46,1,20
PMML class model evaluator code coverage,org.jpmml.evaluator.tree,TreeModelEvaluator.Trail,5,63,1,1,1,25,1,12,0,12
PMML class model evaluator code coverage,org.jpmml.evaluator.tree,NodeScore,23,16,1,1,7,7,4,2,3,2
PMML class model evaluator code coverage,org.jpmml.evaluator.regression,RegressionModelUtil,72,161,20,18,21,43,19,12,0,5
PMML class model evaluator code coverage,org.jpmml.evaluator.regression,RegressionModelUtil.new Object() {...},9,59,0,0,0,1,0,1,0,1
PMML class model evaluator code coverage,org.jpmml.evaluator.regression,RegressionModelEvaluator.new Object() {...},11,75,0,0,0,2,0,1,0,1
PMML class model evaluator code coverage,org.jpmml.evaluator.regression,RegressionModelEvaluator,197,372,37,63,41,92,34,25,2,5
PMML class model evaluator code coverage,org.jpmml.evaluator.support_vector_machine,SupportVectorMachineModelEvaluator,265,523,47,59,46,148,43,24,2,10
PMML class model evaluator code coverage,org.jpmml.evaluator.support_vector_machine,KernelUtil,193,178,31,21,37,36,26,11,4,7
PMML class model evaluator code coverage,org.jpmml.evaluator.support_vector_machine,VoteMap,3,13,0,0,2,5,1,2,1,2
PMML class model evaluator code coverage,org.jpmml.evaluator.support_vector_machine,SupportVectorMachineModelEvaluator.new Object() {...},5,43,0,0,0,3,0,1,0,1
PMML class model evaluator code coverage,org.jpmml.evaluator.support_vector_machine,SupportVectorMachineModelEvaluator.new VoteMap() {...},0,13,0,0,0,2,0,2,0,2
PMML class model evaluator code coverage,org.jpmml.evaluator.support_vector_machine,SupportVectorMachineModelEvaluator.new CacheLoader() {...},0,7,0,0,0,2,0,2,0,2
PMML class model evaluator code coverage,org.jpmml.evaluator.support_vector_machine,DistanceDistribution,0,5,0,0,0,2,0,1,0,1
PMML class model evaluator code coverage,org.jpmml.evaluator.support_vector_machine,VoteDistribution,19,55,2,4,5,17,4,5,2,4
PMML class model evaluator code coverage,org.jpmml.evaluator.visitors,MarkupInspector,1,31,1,1,1,9,1,4,0,4
PMML class model evaluator code coverage,org.jpmml.evaluator.visitors,InvalidMarkupInspector,148,101,2,16,24,25,13,11,11,4
PMML class model evaluator code coverage,org.jpmml.evaluator.visitors,ValueOptimizer.new ThreadLocal() {...},0,5,0,0,0,2,0,2,0,2
PMML class model evaluator code coverage,org.jpmml.evaluator.visitors,ValueOptimizer.Mode,0,29,0,0,0,4,0,2,0,2
PMML class model evaluator code coverage,org.jpmml.evaluator.visitors,UnsupportedMarkupInspector.new Object() {...},9,87,0,0,0,8,0,1,0,1
PMML class model evaluator code coverage,org.jpmml.evaluator.visitors,MiningFieldInterner.new ElementHashMap() {...},0,19,0,0,0,3,0,2,0,2
PMML class model evaluator code coverage,org.jpmml.evaluator.visitors,ElementOptimizerBattery,0,7,0,0,0,3,0,1,0,1
PMML class model evaluator code coverage,org.jpmml.evaluator.visitors,ValueOptimizer,182,471,39,51,42,141,38,39,6,26
PMML class model evaluator code coverage,org.jpmml.evaluator.visitors,ScoreDistributionInterner,2,44,2,6,1,9,2,5,0,3
PMML class model evaluator code coverage,org.jpmml.evaluator.visitors,InvalidMarkupInspector.new InvalidMarkupInspector.CollectionSize() {...},19,0,0,0,3,0,3,0,3,0
PMML class model evaluator code coverage,org.jpmml.evaluator.visitors,InvalidMarkupInspector.new InvalidMarkupInspector.CollectionSize() {...},19,0,0,0,3,0,3,0,3,0
PMML class model evaluator code coverage,org.jpmml.evaluator.visitors,InvalidMarkupInspector.new InvalidMarkupInspector.CollectionSize() {...},19,0,0,0,3,0,3,0,3,0
PMML class model evaluator code coverage,org.jpmml.evaluator.visitors,InvalidMarkupInspector.new InvalidMarkupInspector.CollectionSize() {...},19,0,0,0,3,0,3,0,3,0
PMML class model evaluator code coverage,org.jpmml.evaluator.visitors,InvalidMarkupInspector.new InvalidMarkupInspector.CollectionSize() {...},19,0,0,0,3,0,3,0,3,0
PMML class model evaluator code coverage,org.jpmml.evaluator.visitors,PredicateInterner,2,113,2,10,1,28,2,13,0,9
PMML class model evaluator code coverage,org.jpmml.evaluator.visitors,NodeResolver,5,60,2,8,1,16,3,6,1,3
PMML class model evaluator code coverage,org.jpmml.evaluator.visitors,MiningFieldInterner,2,50,3,7,1,11,3,5,0,3
PMML class model evaluator code coverage,org.jpmml.evaluator.visitors,ElementHashMap,0,23,0,2,0,7,0,3,0,2
PMML class model evaluator code coverage,org.jpmml.evaluator.visitors,ElementInternerBattery,0,15,0,0,0,5,0,1,0,1
PMML class model evaluator code coverage,org.jpmml.evaluator.visitors,NodeResolver.new Object() {...},1,11,0,0,0,1,0,1,0,1
PMML class model evaluator code coverage,org.jpmml.evaluator.visitors,InvalidMarkupInspector.new InvalidMarkupInspector.CollectionSize() {...},0,19,0,0,0,3,0,3,0,3
PMML class model evaluator code coverage,org.jpmml.evaluator.visitors,InvalidMarkupInspector.new InvalidMarkupInspector.CollectionSize() {...},19,0,0,0,3,0,3,0,3,0
PMML class model evaluator code coverage,org.jpmml.evaluator.visitors,InvalidMarkupInspector.new InvalidMarkupInspector.CollectionSize() {...},19,0,0,0,3,0,3,0,3,0
PMML class model evaluator code coverage,org.jpmml.evaluator.visitors,InvalidMarkupInspector.new InvalidMarkupInspector.CollectionSize() {...},19,0,0,0,3,0,3,0,3,0
PMML class model evaluator code coverage,org.jpmml.evaluator.visitors,InvalidMarkupInspector.new InvalidMarkupInspector.CollectionSize() {...},27,0,2,0,4,0,5,0,4,0
PMML class model evaluator code coverage,org.jpmml.evaluator.visitors,InvalidMarkupInspector.new InvalidMarkupInspector.CollectionSize() {...},20,0,0,0,3,0,3,0,3,0
PMML class model evaluator code coverage,org.jpmml.evaluator.visitors,InvalidMarkupInspector.new InvalidMarkupInspector.CollectionSize() {...},20,0,0,0,3,0,3,0,3,0
PMML class model evaluator code coverage,org.jpmml.evaluator.visitors,InvalidMarkupInspector.new InvalidMarkupInspector.CollectionSize() {...},20,0,0,0,3,0,3,0,3,0
PMML class model evaluator code coverage,org.jpmml.evaluator.visitors,InvalidMarkupInspector.new InvalidMarkupInspector.CollectionSize() {...},19,0,0,0,3,0,3,0,3,0
PMML class model evaluator code coverage,org.jpmml.evaluator.visitors,UnsupportedMarkupInspector,329,31,31,1,82,8,37,3,21,3
PMML class model evaluator code coverage,org.jpmml.evaluator.visitors,InvalidMarkupInspector.CollectionSize,4,28,2,2,1,8,2,3,0,3
PMML class model evaluator code coverage,org.jpmml.evaluator.visitors,PredicateInterner.new ElementHashMap() {...},0,8,0,0,0,2,0,2,0,2
PMML class model evaluator code coverage,org.jpmml.evaluator.visitors,PredicateInterner.new ElementHashMap() {...},0,8,0,0,0,2,0,2,0,2
PMML class model evaluator code coverage,org.jpmml.evaluator.visitors,PredicateInterner.new ElementHashMap() {...},0,32,0,0,0,4,0,2,0,2
PMML class model evaluator code coverage,org.jpmml.evaluator.visitors,PredicateInterner.new ElementHashMap() {...},0,29,0,0,0,3,0,2,0,2
PMML class model evaluator code coverage,org.jpmml.evaluator.visitors,ElementKey,2,41,1,1,1,13,1,6,0,6
PMML class model evaluator code coverage,org.jpmml.evaluator.visitors,InvalidMarkupInspector.Condition,4,21,1,1,1,8,1,3,0,3
PMML class model evaluator code coverage,org.jpmml.evaluator.visitors,ScoreDistributionInterner.new ElementHashMap() {...},0,35,0,0,0,3,0,2,0,2
PMML class model evaluator code coverage,org.jpmml.evaluator.clustering,ClusteringModelEvaluator,151,251,19,20,33,62,19,12,3,8
PMML class model evaluator code coverage,org.jpmml.evaluator.clustering,ClusteringModelEvaluator.new Object() {...},3,27,0,0,0,2,0,1,0,1
PMML class model evaluator code coverage,org.jpmml.evaluator.clustering,ClusteringModelEvaluator.new CacheLoader() {...},0,7,0,0,0,2,0,2,0,2
PMML class model evaluator code coverage,org.jpmml.evaluator.clustering,ClusteringModelEvaluator.new CacheLoader() {...},8,3,0,0,2,1,1,1,1,1
PMML class model evaluator code coverage,org.jpmml.evaluator.clustering,ClusteringModelEvaluator.new CacheLoader() {...},0,18,0,0,0,4,0,3,0,3
PMML class model evaluator code coverage,org.jpmml.evaluator.clustering,ClusteringModelEvaluator.new ClusterAffinityDistribution() {...},0,12,0,0,0,2,0,2,0,2
PMML class model evaluator code coverage,org.jpmml.evaluator.clustering,ClusterAffinityDistribution,12,27,0,0,3,9,3,6,3,6
PMML class model evaluator code coverage,org.jpmml.evaluator.general_regression,GeneralRegressionModelEvaluator.Row.new Function() {...},6,13,1,1,1,4,1,2,0,2
PMML class model evaluator code coverage,org.jpmml.evaluator.general_regression,GeneralRegressionModelEvaluator,519,955,111,102,119,255,93,56,3,30
PMML class model evaluator code coverage,org.jpmml.evaluator.general_regression,GeneralRegressionModelEvaluator.Row.PredictorHandler,6,30,1,1,1,11,1,4,0,4
PMML class model evaluator code coverage,org.jpmml.evaluator.general_regression,RichBaseCumHazardTables,18,72,1,5,4,22,2,7,1,5
PMML class model evaluator code coverage,org.jpmml.evaluator.general_regression,GeneralRegressionModelEvaluator.new Object() {...},23,155,0,0,0,4,0,1,0,1
PMML class model evaluator code coverage,org.jpmml.evaluator.general_regression,GeneralRegressionModelEvaluator.new Function() {...},13,67,2,6,2,16,2,4,0,2
PMML class model evaluator code coverage,org.jpmml.evaluator.general_regression,GeneralRegressionModelEvaluator.new CacheLoader() {...},0,8,0,0,0,2,0,2,0,2
PMML class model evaluator code coverage,org.jpmml.evaluator.general_regression,GeneralRegressionModelEvaluator.new Function() {...},0,13,0,2,0,5,0,3,0,2
PMML class model evaluator code coverage,org.jpmml.evaluator.general_regression,GeneralRegressionModelEvaluator.new CacheLoader() {...},0,8,0,0,0,2,0,2,0,2
PMML class model evaluator code coverage,org.jpmml.evaluator.general_regression,GeneralRegressionModelEvaluator.new CacheLoader() {...},0,8,0,0,0,2,0,2,0,2
PMML class model evaluator code coverage,org.jpmml.evaluator.general_regression,GeneralRegressionModelEvaluator.new CacheLoader() {...},0,7,0,0,0,2,0,2,0,2
PMML class model evaluator code coverage,org.jpmml.evaluator.general_regression,GeneralRegressionModelEvaluator.new CacheLoader() {...},0,7,0,0,0,2,0,2,0,2
PMML class model evaluator code coverage,org.jpmml.evaluator.general_regression,GeneralRegressionModelUtil,73,13,20,3,21,4,17,3,1,1
PMML class model evaluator code coverage,org.jpmml.evaluator.general_regression,GeneralRegressionModelEvaluator.Row.FactorHandler,6,42,1,3,1,13,1,5,0,4
PMML class model evaluator code coverage,org.jpmml.evaluator.general_regression,GeneralRegressionModelEvaluator.Row.CovariateHandler,12,46,2,2,2,14,2,4,0,4
PMML class model evaluator code coverage,org.jpmml.evaluator.general_regression,GeneralRegressionModelUtil.new Object() {...},15,99,0,0,0,2,0,1,0,1
PMML class model evaluator code coverage,org.jpmml.evaluator.general_regression,GeneralRegressionModelEvaluator.Row,9,151,3,11,3,35,3,10,0,6
PMML class model evaluator code coverage,org.jpmml.evaluator.general_regression,GeneralRegressionModelEvaluator.Row.ContrastMatrixHandler,13,103,4,4,3,28,4,10,0,10
PMML class model evaluator code coverage,org.jpmml.evaluator,MatrixUtil.new Object() {...},3,23,0,0,0,1,0,1,0,1
PMML class model evaluator code coverage,org.jpmml.evaluator,InputFieldUtil.new Object() {...},18,129,0,0,0,5,0,1,0,1
PMML class model evaluator code coverage,org.jpmml.evaluator,MatrixUtil.new Comparator() {...},0,9,0,0,0,2,0,2,0,2
PMML class model evaluator code coverage,org.jpmml.evaluator,MatrixUtil.new Comparator() {...},0,9,0,0,0,2,0,2,0,2
PMML class model evaluator code coverage,org.jpmml.evaluator,ContinuousValue.ContinuousDouble,5,33,1,3,1,9,1,6,0,5
PMML class model evaluator code coverage,org.jpmml.evaluator,FloatEquivalence,3,23,1,3,1,7,1,3,0,2
PMML class model evaluator code coverage,org.jpmml.evaluator,ExpressionUtil,159,566,34,83,29,151,29,52,1,18
PMML class model evaluator code coverage,org.jpmml.evaluator,CsvUtil,92,49,10,6,17,13,9,3,3,1
PMML class model evaluator code coverage,org.jpmml.evaluator,IntegrationTestBatch,31,66,4,2,5,22,4,6,1,6
PMML class model evaluator code coverage,org.jpmml.evaluator,OutputUtil,264,849,46,103,59,244,47,64,2,18
PMML class model evaluator code coverage,org.jpmml.evaluator,SecondsSinceDate,19,60,4,4,3,15,5,7,1,7
PMML class model evaluator code coverage,org.jpmml.evaluator,JavaEqualityPredicate.Equal,8,0,0,0,3,0,2,0,2,0
PMML class model evaluator code coverage,org.jpmml.evaluator,ValueAggregator,40,237,14,28,10,59,14,18,0,11
PMML class model evaluator code coverage,org.jpmml.evaluator,ReportingValueFactoryFactory,4,35,1,2,1,11,1,6,0,5
PMML class model evaluator code coverage,org.jpmml.evaluator,ComplexFloatVector,120,0,8,0,28,0,14,0,10,0
PMML class model evaluator code coverage,org.jpmml.evaluator,ReportUtil,4,29,3,3,2,6,3,2,0,2
PMML class model evaluator code coverage,org.jpmml.evaluator,ValueFactoryFactory,4,16,1,2,1,6,1,4,0,3
PMML class model evaluator code coverage,org.jpmml.evaluator,Classification.Type,13,129,0,4,2,25,1,12,1,10
PMML class model evaluator code coverage,org.jpmml.evaluator,NotImplementedException,4,0,0,0,2,0,1,0,1,0
PMML class model evaluator code coverage,org.jpmml.evaluator,OutputField,31,28,1,1,9,11,5,5,4,5
PMML class model evaluator code coverage,org.jpmml.evaluator,OutputFilters.new OutputFilter() {...},0,6,0,0,0,2,0,2,0,2
PMML class model evaluator code coverage,org.jpmml.evaluator,TextUtil.TextProcessor,0,39,1,1,0,11,1,2,0,2
PMML class model evaluator code coverage,org.jpmml.evaluator,Classification,52,198,5,7,13,58,7,25,2,24
PMML class model evaluator code coverage,org.jpmml.evaluator,OutputFilters.new OutputFilter() {...},0,5,0,0,0,2,0,2,0,2
PMML class model evaluator code coverage,org.jpmml.evaluator,UndefinedResultException,0,4,0,0,0,2,0,1,0,1
PMML class model evaluator code coverage,org.jpmml.evaluator,SetHolder,7,12,1,1,1,3,1,1,0,1
PMML class model evaluator code coverage,org.jpmml.evaluator,MissingFieldException,6,17,0,0,2,3,1,2,1,2
PMML class model evaluator code coverage,org.jpmml.evaluator,ContinuousValue.new Object() {...},3,23,0,0,0,1,0,1,0,1
PMML class model evaluator code coverage,org.jpmml.evaluator,CategoricalValue.CategoricalString,4,17,1,1,1,5,1,3,0,3
PMML class model evaluator code coverage,org.jpmml.evaluator,TargetFieldUtil,46,55,13,8,12,16,11,1,0,1
PMML class model evaluator code coverage,org.jpmml.evaluator,IndexableUtil,17,63,4,8,5,14,5,6,1,4
PMML class model evaluator code coverage,org.jpmml.evaluator,JavaComparisonPredicate,34,0,2,0,11,0,5,0,4,0
PMML class model evaluator code coverage,org.jpmml.evaluator,InputFieldUtil,119,551,34,92,26,145,32,47,0,11
PMML class model evaluator code coverage,org.jpmml.evaluator,Report.Entry,16,29,0,0,4,12,1,5,1,5
PMML class model evaluator code coverage,org.jpmml.evaluator,FieldUtil,83,148,14,16,18,41,11,16,2,10
PMML class model evaluator code coverage,org.jpmml.evaluator,IntegrationTestBatch.new InvalidMarkupInspector() {...},23,0,4,0,8,0,5,0,3,0
PMML class model evaluator code coverage,org.jpmml.evaluator,ModelEvaluationContext,28,229,8,27,8,69,8,23,0,13
PMML class model evaluator code coverage,org.jpmml.evaluator,RichDataField,24,86,3,8,5,29,4,7,1,4
PMML class model evaluator code coverage,org.jpmml.evaluator,PMMLAttributes,0,429,0,0,0,107,0,1,0,1
PMML class model evaluator code coverage,org.jpmml.evaluator,InvalidResultException,0,9,0,0,0,4,0,2,0,2
PMML class model evaluator code coverage,org.jpmml.evaluator,Strings,0,3,0,0,0,1,0,1,0,1
PMML class model evaluator code coverage,org.jpmml.evaluator,FunctionException,3,14,0,0,1,6,1,2,1,2
PMML class model evaluator code coverage,org.jpmml.evaluator,InlineTableUtil.new CacheLoader() {...},0,7,0,0,0,2,0,2,0,2
PMML class model evaluator code coverage,org.jpmml.evaluator,VerificationUtil,4,98,4,22,1,12,4,12,0,3
PMML class model evaluator code coverage,org.jpmml.evaluator,JavaEqualityPredicate,34,0,2,0,11,0,5,0,4,0
PMML class model evaluator code coverage,org.jpmml.evaluator,MeasureUtil,213,410,44,47,40,88,33,22,0,7
PMML class model evaluator code coverage,org.jpmml.evaluator,PMMLEquivalence,12,60,2,4,3,20,3,7,1,6
PMML class model evaluator code coverage,org.jpmml.evaluator,ConfigurationBuilder,6,76,0,6,2,29,0,12,0,9
PMML class model evaluator code coverage,org.jpmml.evaluator,Functions,0,301,0,0,0,60,0,1,0,1
PMML class model evaluator code coverage,org.jpmml.evaluator,JavaValuePredicate,14,0,0,0,4,0,2,0,2,0
PMML class model evaluator code coverage,org.jpmml.evaluator,JavaPredicate,23,0,4,0,8,0,4,0,2,0
PMML class model evaluator code coverage,org.jpmml.evaluator,TextUtil.TermProcessor,0,37,1,1,0,11,1,2,0,2
PMML class model evaluator code coverage,org.jpmml.evaluator,LevenshteinDistanceUtil,26,201,11,29,4,44,9,13,0,2
PMML class model evaluator code coverage,org.jpmml.evaluator,UnsupportedElementException,0,43,1,1,0,8,1,2,0,2
PMML class model evaluator code coverage,org.jpmml.evaluator,ReportingValueFactory,0,28,0,2,0,11,0,5,0,4
PMML class model evaluator code coverage,org.jpmml.evaluator,MatrixUtil,43,289,19,47,9,75,19,24,0,7
PMML class model evaluator code coverage,org.jpmml.evaluator,Evaluator,0,3,0,0,0,1,0,1,0,1
PMML class model evaluator code coverage,org.jpmml.evaluator,ReportingValueFactoryFactory.ReportingDoubleValueFactory,14,34,1,1,2,7,2,5,1,5
PMML class model evaluator code coverage,org.jpmml.evaluator,BatchTest,34,31,4,4,7,13,4,5,1,4
PMML class model evaluator code coverage,org.jpmml.evaluator,ExtensionUtil,2,9,1,1,1,3,1,1,0,1
PMML class model evaluator code coverage,org.jpmml.evaluator,DuplicateValueException,23,0,0,0,5,0,3,0,3,0
PMML class model evaluator code coverage,org.jpmml.evaluator,FloatVector,28,0,0,0,5,0,5,0,5,0
PMML class model evaluator code coverage,org.jpmml.evaluator,ReportingValueFactoryFactory.ReportingDoubleValueFactory.new ReportingSimpleDoubleVector() {...},0,10,0,0,0,2,0,2,0,2
PMML class model evaluator code coverage,org.jpmml.evaluator,ReportingValueFactoryFactory.ReportingDoubleValueFactory.new ReportingComplexDoubleVector() {...},11,0,0,0,2,0,2,0,2,0
PMML class model evaluator code coverage,org.jpmml.evaluator,Regression,12,49,2,2,3,19,3,7,1,7
PMML class model evaluator code coverage,org.jpmml.evaluator,Report,28,32,2,4,7,7,3,5,2,3
PMML class model evaluator code coverage,org.jpmml.evaluator,Functions.new FpMathFunction() {...},0,9,0,0,0,2,0,2,0,2
PMML class model evaluator code coverage,org.jpmml.evaluator,Functions.new FpMathFunction() {...},5,4,0,0,1,1,1,1,1,1
PMML class model evaluator code coverage,org.jpmml.evaluator,Functions.new AggregateFunction() {...},0,8,0,0,0,2,0,2,0,2
PMML class model evaluator code coverage,org.jpmml.evaluator,Functions.new FpMathFunction() {...},0,9,0,0,0,2,0,2,0,2
PMML class model evaluator code coverage,org.jpmml.evaluator,MissingElementException,4,23,0,0,2,5,1,3,1,3
PMML class model evaluator code coverage,org.jpmml.evaluator,SparseArrayUtil.new AbstractList() {...},0,31,0,2,0,6,0,4,0,3
PMML class model evaluator code coverage,org.jpmml.evaluator,SparseArrayUtil.new CacheLoader() {...},0,7,0,0,0,2,0,2,0,2
PMML class model evaluator code coverage,org.jpmml.evaluator,ReportingFloatValue,1400,56,19,1,157,16,57,5,47,5
PMML class model evaluator code coverage,org.jpmml.evaluator,EvaluationContext,36,224,6,20,11,59,7,22,2,14
PMML class model evaluator code coverage,org.jpmml.evaluator,FloatValue,471,138,14,4,83,30,47,18,39,17
PMML class model evaluator code coverage,org.jpmml.evaluator,ReportingDoubleValue,862,568,10,10,93,80,34,28,28,24
PMML class model evaluator code coverage,org.jpmml.evaluator,ExpressionUtil.new Object() {...},12,89,0,0,0,4,0,1,0,1
PMML class model evaluator code coverage,org.jpmml.evaluator,CollectionValue.new Object() {...},3,23,0,0,0,1,0,1,0,1
PMML class model evaluator code coverage,org.jpmml.evaluator,ProbabilityAggregator.new ProbabilityAggregator() {...},0,11,0,0,0,2,0,2,0,2
PMML class model evaluator code coverage,org.jpmml.evaluator,ProbabilityAggregator.new Function() {...},4,23,1,1,1,4,1,2,0,2
PMML class model evaluator code coverage,org.jpmml.evaluator,SecondsSinceMidnight.new TemporalField() {...},30,8,0,0,10,2,10,1,10,1
PMML class model evaluator code coverage,org.jpmml.evaluator,SecondsSinceMidnight.new TemporalQuery() {...},0,32,0,0,0,6,0,2,0,2
PMML class model evaluator code coverage,org.jpmml.evaluator,InlineTableUtil,27,267,7,29,6,65,7,17,0,6
PMML class model evaluator code coverage,org.jpmml.evaluator,ProbabilityAggregator.new Function() {...},4,21,1,1,1,4,1,2,0,2
PMML class model evaluator code coverage,org.jpmml.evaluator,TargetField,9,58,3,3,2,19,3,10,1,9
PMML class model evaluator code coverage,org.jpmml.evaluator,ModelField,53,46,2,2,16,17,5,8,4,7
PMML class model evaluator code coverage,org.jpmml.evaluator,EnumUtil,14,49,2,4,4,11,2,3,0,2
PMML class model evaluator code coverage,org.jpmml.evaluator,ProbabilityDistribution,0,16,0,0,0,5,0,4,0,4
PMML class model evaluator code coverage,org.jpmml.evaluator,VoteAggregator,0,54,0,4,0,14,0,5,0,3
PMML class model evaluator code coverage,org.jpmml.evaluator,JavaComparisonPredicate.GreaterOrEqual,12,0,2,0,3,0,3,0,2,0
PMML class model evaluator code coverage,org.jpmml.evaluator,ValueAggregator.Entry,0,18,0,0,0,5,0,2,0,2
PMML class model evaluator code coverage,org.jpmml.evaluator,OutputFilters,0,9,0,0,0,2,0,1,0,1
PMML class model evaluator code coverage,org.jpmml.evaluator,RegExUtil,0,27,0,2,0,6,0,3,0,2
PMML class model evaluator code coverage,org.jpmml.evaluator,DiscreteValue,0,5,0,0,0,2,0,1,0,1
PMML class model evaluator code coverage,org.jpmml.evaluator,NormalizationUtil.new Object() {...},3,23,0,0,0,1,0,1,0,1
PMML class model evaluator code coverage,org.jpmml.evaluator,CategoricalValue.new Object() {...},2,17,0,0,0,1,0,1,0,1
PMML class model evaluator code coverage,org.jpmml.evaluator,Configuration,0,43,0,0,0,18,0,9,0,9
PMML class model evaluator code coverage,org.jpmml.evaluator,SimpleDoubleVector,22,54,2,0,6,14,5,7,4,7
PMML class model evaluator code coverage,org.jpmml.evaluator,ModelEvaluator.new CacheLoader() {...},0,8,0,0,0,2,0,2,0,2
PMML class model evaluator code coverage,org.jpmml.evaluator,ModelEvaluator.new CacheLoader() {...},0,7,0,0,0,2,0,2,0,2
PMML class model evaluator code coverage,org.jpmml.evaluator,ModelEvaluator.new CacheLoader() {...},0,6,0,0,0,2,0,2,0,2
PMML class model evaluator code coverage,org.jpmml.evaluator,ModelEvaluator.new CacheLoader() {...},0,7,0,0,0,2,0,2,0,2
PMML class model evaluator code coverage,org.jpmml.evaluator,ModelEvaluator.new CacheLoader() {...},0,7,0,0,0,2,0,2,0,2
PMML class model evaluator code coverage,org.jpmml.evaluator,ReportFactory,0,3,0,0,0,1,0,1,0,1
PMML class model evaluator code coverage,org.jpmml.evaluator,ModelEvaluator.new CacheLoader() {...},0,7,0,0,0,2,0,2,0,2
PMML class model evaluator code coverage,org.jpmml.evaluator,ModelEvaluator.new CacheLoader() {...},0,7,0,0,0,2,0,2,0,2
PMML class model evaluator code coverage,org.jpmml.evaluator,ModelEvaluator.new CacheLoader() {...},0,7,0,0,0,2,0,2,0,2
PMML class model evaluator code coverage,org.jpmml.evaluator,ModelEvaluator.new AbstractMap() {...},4,21,0,0,1,2,1,2,1,2
PMML class model evaluator code coverage,org.jpmml.evaluator,CsvUtil.Table,3,11,0,0,1,5,1,2,1,2
PMML class model evaluator code coverage,org.jpmml.evaluator,Functions.new AbstractFunction() {...},0,38,0,0,0,6,0,2,0,2
PMML class model evaluator code coverage,org.jpmml.evaluator,Functions.new AbstractFunction() {...},0,38,0,0,0,6,0,2,0,2
PMML class model evaluator code coverage,org.jpmml.evaluator,Functions.new AbstractFunction() {...},0,28,0,0,0,5,0,2,0,2
PMML class model evaluator code coverage,org.jpmml.evaluator,ValueFactoryFactory.new Object() {...},2,17,0,0,0,1,0,1,0,1
PMML class model evaluator code coverage,org.jpmml.evaluator,Functions.new TrigonometricFunction() {...},0,9,0,0,0,2,0,2,0,2
PMML class model evaluator code coverage,org.jpmml.evaluator,Functions.new TrigonometricFunction() {...},0,9,0,0,0,2,0,2,0,2
PMML class model evaluator code coverage,org.jpmml.evaluator,Functions.new AbstractNumericFunction() {...},27,4,0,0,5,1,1,1,1,1
PMML class model evaluator code coverage,org.jpmml.evaluator,Functions.new TrigonometricFunction() {...},0,9,0,0,0,2,0,2,0,2
PMML class model evaluator code coverage,org.jpmml.evaluator,BatchUtil,192,167,18,14,28,33,12,8,1,3
PMML class model evaluator code coverage,org.jpmml.evaluator,Functions.new TrigonometricFunction() {...},0,9,0,0,0,2,0,2,0,2
PMML class model evaluator code coverage,org.jpmml.evaluator,Functions.new AbstractNumericFunction() {...},34,4,2,0,7,1,2,1,1,1
PMML class model evaluator code coverage,org.jpmml.evaluator,Functions.new TrigonometricFunction() {...},0,9,0,0,0,2,0,2,0,2
PMML class model evaluator code coverage,org.jpmml.evaluator,Functions.new TrigonometricFunction() {...},0,9,0,0,0,2,0,2,0,2
PMML class model evaluator code coverage,org.jpmml.evaluator,InvisibleFieldException,23,0,0,0,5,0,3,0,3,0
PMML class model evaluator code coverage,org.jpmml.evaluator,FilterBatch,0,46,0,0,0,18,0,8,0,8
PMML class model evaluator code coverage,org.jpmml.evaluator,EvaluationException,0,9,0,0,0,4,0,2,0,2
PMML class model evaluator code coverage,org.jpmml.evaluator,ModelEvaluator.new Object() {...},11,79,0,0,0,3,0,1,0,1
PMML class model evaluator code coverage,org.jpmml.evaluator,MissingValueException,6,17,0,0,2,3,1,2,1,2
PMML class model evaluator code coverage,org.jpmml.evaluator,DiscretizationUtil,72,316,19,52,16,85,19,26,0,8
PMML class model evaluator code coverage,org.jpmml.evaluator,Functions.new StringFunction() {...},0,7,0,0,0,2,0,2,0,2
PMML class model evaluator code coverage,org.jpmml.evaluator,Functions.new StringFunction() {...},0,7,0,0,0,2,0,2,0,2
PMML class model evaluator code coverage,org.jpmml.evaluator,PMMLException,59,86,9,9,16,26,6,13,1,9
PMML class model evaluator code coverage,org.jpmml.evaluator,DiscretizationUtil.new Object() {...},4,29,0,0,0,1,0,1,0,1
PMML class model evaluator code coverage,org.jpmml.evaluator,Functions.new ValueListFunction() {...},0,11,0,2,0,2,0,3,0,2
PMML class model evaluator code coverage,org.jpmml.evaluator,JavaSimplePredicate,16,0,0,0,7,0,3,0,3,0
PMML class model evaluator code coverage,org.jpmml.evaluator,DiscretizationUtil.new CacheLoader() {...},0,7,0,0,0,2,0,2,0,2
PMML class model evaluator code coverage,org.jpmml.evaluator,Functions.new AbstractFunction() {...},0,34,0,4,0,8,0,4,0,2
PMML class model evaluator code coverage,org.jpmml.evaluator,DiscretizationUtil.new CacheLoader() {...},0,7,0,0,0,2,0,2,0,2
PMML class model evaluator code coverage,org.jpmml.evaluator,Functions.new StringFunction() {...},0,7,0,0,0,2,0,2,0,2
PMML class model evaluator code coverage,org.jpmml.evaluator,Functions.new AbstractFunction() {...},0,25,0,0,0,7,0,3,0,3
PMML class model evaluator code coverage,org.jpmml.evaluator,InvalidMarkupException,4,5,0,0,2,2,1,1,1,1
PMML class model evaluator code coverage,org.jpmml.evaluator,ValueMap,4,35,0,2,1,13,1,6,1,5
PMML class model evaluator code coverage,org.jpmml.evaluator,Functions.new AbstractFunction() {...},28,61,2,2,2,11,2,2,0,2
PMML class model evaluator code coverage,org.jpmml.evaluator,Functions.new AbstractFunction() {...},9,36,0,0,3,7,0,2,0,2
PMML class model evaluator code coverage,org.jpmml.evaluator,Functions.new AbstractFunction() {...},9,86,2,6,3,16,2,5,0,3
PMML class model evaluator code coverage,org.jpmml.evaluator,AffinityDistribution,18,39,2,2,5,12,5,7,3,7
PMML class model evaluator code coverage,org.jpmml.evaluator,Functions.new AbstractFunction() {...},0,45,0,0,0,9,0,2,0,2
PMML class model evaluator code coverage,org.jpmml.evaluator,Functions.new AbstractFunction() {...},0,35,0,0,0,7,0,2,0,2
PMML class model evaluator code coverage,org.jpmml.evaluator,SimpleFloatVector,74,0,2,0,19,0,11,0,10,0
PMML class model evaluator code coverage,org.jpmml.evaluator,DoubleVector,0,28,0,0,0,5,0,5,0,5
PMML class model evaluator code coverage,org.jpmml.evaluator,XPathUtil,16,123,4,12,4,24,4,10,0,6
PMML class model evaluator code coverage,org.jpmml.evaluator,FieldValueUtil,0,61,0,14,0,18,0,13,0,6
PMML class model evaluator code coverage,org.jpmml.evaluator,CategoricalValue,0,49,0,5,0,11,0,8,0,5
PMML class model evaluator code coverage,org.jpmml.evaluator,ReportingComplexDoubleVector,181,0,2,0,25,0,13,0,12,0
PMML class model evaluator code coverage,org.jpmml.evaluator,Functions.new EqualityFunction() {...},1,10,1,1,0,2,1,2,0,2
PMML class model evaluator code coverage,org.jpmml.evaluator,Functions.new ComparisonFunction() {...},0,11,0,2,0,2,0,3,0,2
PMML class model evaluator code coverage,org.jpmml.evaluator,Functions.new ValueFunction() {...},0,11,0,2,0,2,0,3,0,2
PMML class model evaluator code coverage,org.jpmml.evaluator,Functions.new EqualityFunction() {...},0,7,0,0,0,2,0,2,0,2
PMML class model evaluator code coverage,org.jpmml.evaluator,Functions.new ComparisonFunction() {...},0,11,0,2,0,2,0,3,0,2
PMML class model evaluator code coverage,org.jpmml.evaluator,Functions.new ComparisonFunction() {...},0,11,0,2,0,2,0,3,0,2
PMML class model evaluator code coverage,org.jpmml.evaluator,Functions.new ComparisonFunction() {...},0,11,0,2,0,2,0,3,0,2
PMML class model evaluator code coverage,org.jpmml.evaluator,Functions.new UnaryBooleanFunction() {...},0,12,0,2,0,2,0,3,0,2
PMML class model evaluator code coverage,org.jpmml.evaluator,Functions.new ValueListFunction() {...},0,7,0,0,0,2,0,2,0,2
PMML class model evaluator code coverage,org.jpmml.evaluator,Functions.new BinaryBooleanFunction() {...},0,11,0,0,0,2,0,2,0,2
PMML class model evaluator code coverage,org.jpmml.evaluator,Functions.new BinaryBooleanFunction() {...},0,11,0,0,0,2,0,2,0,2
PMML class model evaluator code coverage,org.jpmml.evaluator,Numbers,0,37,0,0,0,13,0,1,0,1
PMML class model evaluator code coverage,org.jpmml.evaluator,ReportingValueFactoryFactory.ReportingFloatValueFactory,29,20,2,0,5,4,4,3,3,3
PMML class model evaluator code coverage,org.jpmml.evaluator,ConfidenceDistribution,16,0,0,0,5,0,4,0,4,0
PMML class model evaluator code coverage,org.jpmml.evaluator,Functions.new FpMathFunction() {...},0,9,0,0,0,2,0,2,0,2
PMML class model evaluator code coverage,org.jpmml.evaluator,Functions.new MathFunction() {...},0,17,0,2,0,4,0,3,0,2
PMML class model evaluator code coverage,org.jpmml.evaluator,MissingAttributeException,9,18,0,0,4,3,2,2,2,2
PMML class model evaluator code coverage,org.jpmml.evaluator,EvaluatorUtil,69,212,8,20,12,53,6,13,1,4
PMML class model evaluator code coverage,org.jpmml.evaluator,Functions.new FpMathFunction() {...},0,9,0,0,0,2,0,2,0,2
PMML class model evaluator code coverage,org.jpmml.evaluator,ScalarValue,0,119,2,18,0,28,2,16,0,8
PMML class model evaluator code coverage,org.jpmml.evaluator,Functions.new FpMathFunction() {...},5,4,0,0,1,1,1,1,1,1
PMML class model evaluator code coverage,org.jpmml.evaluator,ModelEvaluatorBuilder,38,251,4,6,11,69,7,20,3,19
PMML class model evaluator code coverage,org.jpmml.evaluator,Functions.new AbstractNumericFunction() {...},0,39,0,0,0,6,0,3,0,3
PMML class model evaluator code coverage,org.jpmml.evaluator,PMMLUtil,37,79,3,7,2,13,4,7,1,5
PMML class model evaluator code coverage,org.jpmml.evaluator,Functions.new AbstractNumericFunction() {...},0,42,0,2,0,6,0,4,0,3
PMML class model evaluator code coverage,org.jpmml.evaluator,Functions.new MathFunction() {...},0,9,0,0,0,2,0,2,0,2
PMML class model evaluator code coverage,org.jpmml.evaluator,FunctionUtil,54,379,4,14,4,34,4,9,0,4
PMML class model evaluator code coverage,org.jpmml.evaluator,Functions.new MathFunction() {...},5,4,0,0,1,1,1,1,1,1
PMML class model evaluator code coverage,org.jpmml.evaluator,Functions.new ValueFunction() {...},0,7,0,0,0,2,0,2,0,2
PMML class model evaluator code coverage,org.jpmml.evaluator,Functions.new MathFunction() {...},0,9,0,0,0,2,0,2,0,2
PMML class model evaluator code coverage,org.jpmml.evaluator,Functions.new MathFunction() {...},0,16,0,2,0,4,0,3,0,2
PMML class model evaluator code coverage,org.jpmml.evaluator,TypeInfos,0,55,0,0,0,9,0,1,0,1
PMML class model evaluator code coverage,org.jpmml.evaluator,SecondsSinceMidnight,28,85,4,2,6,26,5,9,3,8
PMML class model evaluator code coverage,org.jpmml.evaluator,JavaValuePredicate.IsMissing,7,0,0,0,3,0,2,0,2,0
PMML class model evaluator code coverage,org.jpmml.evaluator,FieldUtil.new CacheLoader() {...},0,9,0,0,0,2,0,2,0,2
PMML class model evaluator code coverage,org.jpmml.evaluator,FieldUtil.new Object() {...},1,11,0,0,0,1,0,1,0,1
PMML class model evaluator code coverage,org.jpmml.evaluator,ReportingValueFactoryFactory.new Object() {...},2,17,0,0,0,1,0,1,0,1
PMML class model evaluator code coverage,org.jpmml.evaluator,FieldUtil.new TypeInfo() {...},50,27,4,2,6,7,4,3,1,3
PMML class model evaluator code coverage,org.jpmml.evaluator,FieldUtil.new CacheLoader() {...},0,7,0,0,0,2,0,2,0,2
PMML class model evaluator code coverage,org.jpmml.evaluator,FieldUtil.new CacheLoader() {...},6,3,0,0,1,1,1,1,1,1
PMML class model evaluator code coverage,org.jpmml.evaluator,TextUtil,101,388,22,50,20,113,20,24,0,7
PMML class model evaluator code coverage,org.jpmml.evaluator,TargetFieldUtil.new Object() {...},3,23,0,0,0,1,0,1,0,1
PMML class model evaluator code coverage,org.jpmml.evaluator,TypeCheckException,8,71,5,5,3,13,5,8,0,8
PMML class model evaluator code coverage,org.jpmml.evaluator,Vector,0,3,0,0,0,1,0,1,0,1
PMML class model evaluator code coverage,org.jpmml.evaluator,ArchiveBatch.new Function() {...},0,18,1,3,0,4,1,3,0,2
PMML class model evaluator code coverage,org.jpmml.evaluator,TypeUtil,231,962,54,228,50,264,44,157,1,38
PMML class model evaluator code coverage,org.jpmml.evaluator,PMMLElements,0,177,0,0,0,44,0,1,0,1
PMML class model evaluator code coverage,org.jpmml.evaluator,FieldValue,111,344,11,31,25,84,14,42,3,30
PMML class model evaluator code coverage,org.jpmml.evaluator,DoubleValue,301,262,12,6,57,56,33,30,25,29
PMML class model evaluator code coverage,org.jpmml.evaluator,NormalizationUtil,23,222,6,24,4,46,6,15,0,5
PMML class model evaluator code coverage,org.jpmml.evaluator,ValueFactoryFactory.DoubleValueFactory,6,35,0,2,1,8,1,7,1,6
PMML class model evaluator code coverage,org.jpmml.evaluator,EntityClassification,13,63,1,5,4,20,2,8,1,6
PMML class model evaluator code coverage,org.jpmml.evaluator,Functions.new TrigonometricFunction() {...},0,9,0,0,0,2,0,2,0,2
PMML class model evaluator code coverage,org.jpmml.evaluator,Functions.new TrigonometricFunction() {...},0,9,0,0,0,2,0,2,0,2
PMML class model evaluator code coverage,org.jpmml.evaluator,InputField,50,32,13,1,14,9,10,4,3,4
PMML class model evaluator code coverage,org.jpmml.evaluator,PredicateUtil.CompoundPredicateResult,0,29,0,0,0,12,0,5,0,5
PMML class model evaluator code coverage,org.jpmml.evaluator,Conflict,113,0,4,0,36,0,13,0,11,0
PMML class model evaluator code coverage,org.jpmml.evaluator,RealNumberEquivalence,11,129,4,20,3,32,5,12,1,4
PMML class model evaluator code coverage,org.jpmml.evaluator,ComplexDoubleVector,12,139,3,7,3,33,3,13,0,11
PMML class model evaluator code coverage,org.jpmml.evaluator,Functions.new TrigonometricFunction() {...},0,9,0,0,0,2,0,2,0,2
PMML class model evaluator code coverage,org.jpmml.evaluator,RichDataField.new Object() {...},3,23,0,0,0,1,0,1,0,1
PMML class model evaluator code coverage,org.jpmml.evaluator,ModelEvaluator,249,1528,45,174,48,414,51,133,9,62
PMML class model evaluator code coverage,org.jpmml.evaluator,UnsupportedMarkupException,4,5,0,0,2,2,1,1,1,1
PMML class model evaluator code coverage,org.jpmml.evaluator,DistributionUtil,7,65,2,6,2,12,2,7,0,5
PMML class model evaluator code coverage,org.jpmml.evaluator,RichComplexArray,8,43,0,0,2,13,2,6,2,6
PMML class model evaluator code coverage,org.jpmml.evaluator,SparseArrayUtil,18,104,8,12,4,23,8,6,0,4
PMML class model evaluator code coverage,org.jpmml.evaluator,TargetUtil.new Object() {...},3,23,0,0,0,1,0,1,0,1
PMML class model evaluator code coverage,org.jpmml.evaluator,NormalDistributionUtil,3,9,0,0,1,2,1,2,1,2
PMML class model evaluator code coverage,org.jpmml.evaluator,MapHolder,7,12,1,1,1,3,1,1,0,1
PMML class model evaluator code coverage,org.jpmml.evaluator,ReportingComplexFloatVector,183,0,2,0,25,0,13,0,12,0
PMML class model evaluator code coverage,org.jpmml.evaluator,DefineFunctionEvaluationContext,80,27,12,0,22,10,11,3,5,3
PMML class model evaluator code coverage,org.jpmml.evaluator,FieldValues,0,31,0,0,0,8,0,1,0,1
PMML class model evaluator code coverage,org.jpmml.evaluator,MisplacedAttributeException,9,19,0,0,2,3,1,2,1,2
PMML class model evaluator code coverage,org.jpmml.evaluator,TypeInfo,2,0,0,0,1,0,1,0,1,0
PMML class model evaluator code coverage,org.jpmml.evaluator,ArrayUtil.new Object() {...},3,23,0,0,0,1,0,1,0,1
PMML class model evaluator code coverage,org.jpmml.evaluator,ArrayUtil.new CacheLoader() {...},0,7,0,0,0,2,0,2,0,2
PMML class model evaluator code coverage,org.jpmml.evaluator,TextUtil.new Callable() {...},0,5,0,0,0,2,0,2,0,2
PMML class model evaluator code coverage,org.jpmml.evaluator,TextUtil.new Callable() {...},0,5,0,0,0,2,0,2,0,2
PMML class model evaluator code coverage,org.jpmml.evaluator,JavaValuePredicate.IsNotMissing,11,0,2,0,3,0,3,0,2,0
PMML class model evaluator code coverage,org.jpmml.evaluator,TextUtil.new Object() {...},5,39,0,0,0,2,0,1,0,1
PMML class model evaluator code coverage,org.jpmml.evaluator,IntegrationTest,7,56,0,0,2,14,1,9,1,9
PMML class model evaluator code coverage,org.jpmml.evaluator,ValueUtil,9,136,5,27,3,36,5,14,0,3
PMML class model evaluator code coverage,org.jpmml.evaluator,OutputUtil.new Object() {...},45,295,0,0,0,6,0,1,0,1
PMML class model evaluator code coverage,org.jpmml.evaluator,OutputUtil.new Comparator() {...},81,60,11,4,19,14,12,5,3,4
PMML class model evaluator code coverage,org.jpmml.evaluator,JavaComparisonPredicate.LessOrEqual,12,0,2,0,3,0,3,0,2,0
PMML class model evaluator code coverage,org.jpmml.evaluator,DiscretizationUtil.RowFilter,0,78,0,4,0,22,0,7,0,5
PMML class model evaluator code coverage,org.jpmml.evaluator,OutputUtil.new TypeInfo() {...},6,47,0,6,2,14,1,6,1,3
PMML class model evaluator code coverage,org.jpmml.evaluator,ReportingSimpleFloatVector,181,0,2,0,25,0,13,0,12,0
PMML class model evaluator code coverage,org.jpmml.evaluator,JavaExpression,23,0,4,0,8,0,4,0,2,0
PMML class model evaluator code coverage,org.jpmml.evaluator,PredicateUtil,135,375,19,91,22,96,19,55,1,13
PMML class model evaluator code coverage,org.jpmml.evaluator,ComplexReport,0,34,0,0,0,10,0,5,0,5
PMML class model evaluator code coverage,org.jpmml.evaluator,ResidualInputField,11,5,0,0,2,2,2,1,2,1
PMML class model evaluator code coverage,org.jpmml.evaluator,Epochs,0,16,0,0,0,3,0,1,0,1
PMML class model evaluator code coverage,org.jpmml.evaluator,ArrayUtil,56,126,10,15,12,33,10,12,0,8
PMML class model evaluator code coverage,org.jpmml.evaluator,OrdinalValue.new Object() {...},1,11,0,0,0,1,0,1,0,1
PMML class model evaluator code coverage,org.jpmml.evaluator,TextUtil.StringProcessor,0,33,0,0,0,12,0,5,0,5
PMML class model evaluator code coverage,org.jpmml.evaluator,SimpleTypeInfo,0,52,0,0,0,19,0,8,0,8
PMML class model evaluator code coverage,org.jpmml.evaluator,OrdinalValue.OrdinalString,4,18,1,1,1,5,1,3,0,3
PMML class model evaluator code coverage,org.jpmml.evaluator,VirtualEvaluationContext,0,6,0,0,0,3,0,2,0,2
PMML class model evaluator code coverage,org.jpmml.evaluator,CollectionValue,65,52,10,3,15,18,11,8,5,7
PMML class model evaluator code coverage,org.jpmml.evaluator,InvalidElementException,9,19,0,0,4,3,2,2,2,2
PMML class model evaluator code coverage,org.jpmml.evaluator,DaysSinceDate,19,59,4,4,3,15,5,7,1,7
PMML class model evaluator code coverage,org.jpmml.evaluator,InvalidAttributeException,32,5,0,0,7,2,4,1,4,1
PMML class model evaluator code coverage,org.jpmml.evaluator,KeyValueAggregator,0,86,0,4,0,25,0,10,0,8
PMML class model evaluator code coverage,org.jpmml.evaluator,ContinuousValue.ContinuousInteger,5,33,1,3,1,9,1,6,0,5
PMML class model evaluator code coverage,org.jpmml.evaluator,JavaEqualityPredicate.NotEqual,12,0,2,0,3,0,3,0,2,0
PMML class model evaluator code coverage,org.jpmml.evaluator,SimplePeriod,0,3,0,0,0,1,0,1,0,1
PMML class model evaluator code coverage,org.jpmml.evaluator,ReportingValueFactoryFactory.ReportingFloatValueFactory.new ReportingSimpleFloatVector() {...},10,0,0,0,2,0,2,0,2,0
PMML class model evaluator code coverage,org.jpmml.evaluator,ReportingValueFactoryFactory.ReportingFloatValueFactory.new ReportingComplexFloatVector() {...},11,0,0,0,2,0,2,0,2,0
PMML class model evaluator code coverage,org.jpmml.evaluator,InvalidElementListException,22,0,0,0,2,0,1,0,1,0
PMML class model evaluator code coverage,org.jpmml.evaluator,FieldValue.new Object() {...},3,23,0,0,0,1,0,1,0,1
PMML class model evaluator code coverage,org.jpmml.evaluator,FieldValue.new Predicate() {...},2,14,1,1,1,3,1,2,0,2
PMML class model evaluator code coverage,org.jpmml.evaluator,Vote,10,16,1,1,3,7,3,3,2,3
PMML class model evaluator code coverage,org.jpmml.evaluator,Value,0,3,0,0,0,1,0,1,0,1
PMML class model evaluator code coverage,org.jpmml.evaluator,TypeUtil.new Object() {...},17,107,0,0,0,1,0,1,0,1
PMML class model evaluator code coverage,org.jpmml.evaluator,ModelEvaluationContext.new Object() {...},5,35,0,0,0,1,0,1,0,1
PMML class model evaluator code coverage,org.jpmml.evaluator,DefaultVisitorBattery,0,37,0,0,0,8,0,1,0,1
PMML class model evaluator code coverage,org.jpmml.evaluator,IntegrationTest.new Predicate() {...},0,15,0,2,0,2,0,3,0,2
PMML class model evaluator code coverage,org.jpmml.evaluator,TextTokenizer,0,78,0,10,0,24,0,9,0,4
PMML class model evaluator code coverage,org.jpmml.evaluator,IntegrationTest.new IntegrationTestBatch() {...},0,12,0,0,0,2,0,2,0,2
PMML class model evaluator code coverage,org.jpmml.evaluator,CacheUtil,41,29,4,0,15,9,4,6,2,6
PMML class model evaluator code coverage,org.jpmml.evaluator,ModelEvaluatorFactory,33,154,3,23,7,35,4,15,2,4
PMML class model evaluator code coverage,org.jpmml.evaluator,VariableField,28,20,0,0,7,7,5,3,5,3
PMML class model evaluator code coverage,org.jpmml.evaluator,EvaluationContext.new ScalarValue() {...},2,5,0,0,1,1,1,1,1,1
PMML class model evaluator code coverage,org.jpmml.evaluator,ModelEvaluator.VerificationBatch,0,13,0,0,0,5,0,3,0,3
PMML class model evaluator code coverage,org.jpmml.evaluator,JavaComparisonPredicate.LessThan,12,0,2,0,3,0,3,0,2,0
PMML class model evaluator code coverage,org.jpmml.evaluator,SimpleReport,10,36,0,4,3,13,1,8,1,6
PMML class model evaluator code coverage,org.jpmml.evaluator,ContinuousValue.ContinuousFloat,15,23,2,2,3,7,3,4,1,4
PMML class model evaluator code coverage,org.jpmml.evaluator,ProbabilityAggregator,44,405,12,46,11,100,12,27,0,10
PMML class model evaluator code coverage,org.jpmml.evaluator,PredicateUtil.new Object() {...},14,97,0,0,0,3,0,1,0,1
PMML class model evaluator code coverage,org.jpmml.evaluator,NaNResultException,0,4,0,0,0,2,0,1,0,1
PMML class model evaluator code coverage,org.jpmml.evaluator,ResultField,0,4,0,0,0,2,0,1,0,1
PMML class model evaluator code coverage,org.jpmml.evaluator,ContinuousValue,3,64,0,6,2,16,0,9,0,5
PMML class model evaluator code coverage,org.jpmml.evaluator,Functions.new ArithmeticFunction() {...},0,24,1,3,0,4,1,3,0,2
PMML class model evaluator code coverage,org.jpmml.evaluator,Functions.new AggregateFunction() {...},0,8,0,0,0,2,0,2,0,2
PMML class model evaluator code coverage,org.jpmml.evaluator,Functions.new AggregateFunction() {...},0,8,0,0,0,2,0,2,0,2
PMML class model evaluator code coverage,org.jpmml.evaluator,Functions.new AggregateFunction() {...},2,14,1,1,1,4,1,3,0,3
PMML class model evaluator code coverage,org.jpmml.evaluator,Functions.new AggregateFunction() {...},0,8,0,0,0,2,0,2,0,2
PMML class model evaluator code coverage,org.jpmml.evaluator,Functions.new ArithmeticFunction() {...},0,11,0,0,0,2,0,2,0,2
PMML class model evaluator code coverage,org.jpmml.evaluator,MisplacedElementException,19,0,0,0,3,0,2,0,2,0
PMML class model evaluator code coverage,org.jpmml.evaluator,Functions.new ArithmeticFunction() {...},0,11,0,0,0,2,0,2,0,2
PMML class model evaluator code coverage,org.jpmml.evaluator,Functions.new ArithmeticFunction() {...},0,11,0,0,0,2,0,2,0,2
PMML class model evaluator code coverage,org.jpmml.evaluator,Functions.new ArithmeticFunction() {...},0,24,0,4,0,4,0,4,0,2
PMML class model evaluator code coverage,org.jpmml.evaluator,ValueFactory,0,3,0,0,0,1,0,1,0,1
PMML class model evaluator code coverage,org.jpmml.evaluator,ArchiveBatch,5,150,1,1,2,36,2,14,1,14
PMML class model evaluator code coverage,org.jpmml.evaluator,ComplexPeriod,0,16,0,0,0,7,0,3,0,3
PMML class model evaluator code coverage,org.jpmml.evaluator,CategoricalValue.CategoricalBoolean,20,54,3,5,4,14,3,6,0,5
PMML class model evaluator code coverage,org.jpmml.evaluator,TargetUtil,78,308,25,41,18,80,23,22,0,11
PMML class model evaluator code coverage,org.jpmml.evaluator,OutputMap,3,59,1,5,1,17,2,7,1,5
PMML class model evaluator code coverage,org.jpmml.evaluator,ValueFactoryFactory.FloatValueFactory,23,19,2,0,5,4,4,4,3,4
PMML class model evaluator code coverage,org.jpmml.evaluator,AffinityDistribution.new Object() {...},2,17,0,0,0,1,0,1,0,1
PMML class model evaluator code coverage,org.jpmml.evaluator,MeasureUtil.new Object() {...},5,35,0,0,0,1,0,1,0,1
PMML class model evaluator code coverage,org.jpmml.evaluator,Classification.Type.new Classification.Type() {...},3,8,0,0,1,1,1,1,1,1
PMML class model evaluator code coverage,org.jpmml.evaluator,JavaComparisonPredicate.GreaterThan,12,0,2,0,3,0,3,0,2,0
PMML class model evaluator code coverage,org.jpmml.evaluator,Period,12,21,2,2,3,5,4,3,2,3
PMML class model evaluator code coverage,org.jpmml.evaluator,LoadingModelEvaluatorBuilder,66,108,5,3,16,32,12,8,8,8
PMML class model evaluator code coverage,org.jpmml.evaluator,ReportingSimpleDoubleVector,95,84,2,0,10,15,6,7,5,7
PMML class model evaluator code coverage,org.jpmml.evaluator,EntityUtil,0,73,0,6,0,19,0,8,0,5
PMML class model evaluator code coverage,org.jpmml.evaluator,FunctionRegistry,41,91,3,9,13,26,7,7,4,4
PMML class model evaluator code coverage,org.jpmml.evaluator,OrdinalValue,69,107,10,12,13,26,9,13,3,8
PMML class model evaluator code coverage,org.jpmml.evaluator,UnsupportedAttributeException,9,25,0,0,4,4,2,2,2,2
PMML class model evaluator code coverage,org.jpmml.evaluator,AbstractComputable,28,3,0,0,9,1,2,1,2,1
PMML class model evaluator code coverage,org.jpmml.evaluator.nearest_neighbor,NearestNeighborModelEvaluator.new Function() {...},6,26,1,1,1,4,1,2,0,2
PMML class model evaluator code coverage,org.jpmml.evaluator.nearest_neighbor,NearestNeighborModelEvaluator.new VoteAggregator() {...},0,12,0,0,0,2,0,2,0,2
PMML class model evaluator code coverage,org.jpmml.evaluator.nearest_neighbor,NearestNeighborModelEvaluator.new Callable() {...},0,10,0,0,0,2,0,2,0,2
PMML class model evaluator code coverage,org.jpmml.evaluator.nearest_neighbor,NearestNeighborModelEvaluator.new Callable() {...},0,10,0,0,0,2,0,2,0,2
PMML class model evaluator code coverage,org.jpmml.evaluator.nearest_neighbor,NearestNeighborModelEvaluator.new Function() {...},0,9,0,0,0,2,0,2,0,2
PMML class model evaluator code coverage,org.jpmml.evaluator.nearest_neighbor,NearestNeighborModelEvaluator.new Callable() {...},0,10,0,0,0,2,0,2,0,2
PMML class model evaluator code coverage,org.jpmml.evaluator.nearest_neighbor,NearestNeighborModelEvaluator.new Maps.EntryTransformer() {...},0,6,0,0,0,2,0,2,0,2
PMML class model evaluator code coverage,org.jpmml.evaluator.nearest_neighbor,NearestNeighborModelEvaluator.new Object() {...},10,77,0,0,0,4,0,1,0,1
PMML class model evaluator code coverage,org.jpmml.evaluator.nearest_neighbor,NearestNeighborModelEvaluator.DerivedFieldLoader.new TypeInfo() {...},45,0,4,0,11,0,6,0,4,0
PMML class model evaluator code coverage,org.jpmml.evaluator.nearest_neighbor,NearestNeighborModelEvaluator.InstanceResult,0,29,0,0,0,12,0,5,0,5
PMML class model evaluator code coverage,org.jpmml.evaluator.nearest_neighbor,NearestNeighborModelEvaluator.DataFieldLoader,0,39,0,0,0,13,0,6,0,6
PMML class model evaluator code coverage,org.jpmml.evaluator.nearest_neighbor,NearestNeighborModelEvaluator,235,978,38,79,47,235,40,47,3,22
PMML class model evaluator code coverage,org.jpmml.evaluator.nearest_neighbor,NearestNeighborModelEvaluator.IdentifierLoader,0,10,0,0,0,3,0,2,0,2
PMML class model evaluator code coverage,org.jpmml.evaluator.nearest_neighbor,NearestNeighborModelEvaluator.InstanceResult.Distance,21,16,3,1,6,4,3,2,1,2
PMML class model evaluator code coverage,org.jpmml.evaluator.nearest_neighbor,NearestNeighborModelEvaluator.FieldLoader,0,38,0,0,0,14,0,6,0,6
PMML class model evaluator code coverage,org.jpmml.evaluator.nearest_neighbor,NearestNeighborModelEvaluator.DerivedFieldLoader,32,0,0,0,10,0,4,0,4,0
PMML class model evaluator code coverage,org.jpmml.evaluator.nearest_neighbor,NearestNeighborModelEvaluator.InstanceResult.Similarity,14,6,2,0,3,2,2,1,1,1
PMML class model evaluator code coverage,org.jpmml.evaluator.naive_bayes,NaiveBayesModelEvaluator,133,525,27,63,24,143,27,34,2,14
PMML class model evaluator code coverage,org.jpmml.evaluator.naive_bayes,NaiveBayesModelEvaluator.new CacheLoader() {...},0,7,0,0,0,2,0,2,0,2
PMML class model evaluator code coverage,org.jpmml.evaluator.naive_bayes,NaiveBayesModelEvaluator.new CacheLoader() {...},0,7,0,0,0,2,0,2,0,2
PMML class model evaluator code coverage,org.jpmml.evaluator.naive_bayes,NaiveBayesModelEvaluator.new ProbabilityMap() {...},0,31,0,0,0,8,0,3,0,3
PMML class model evaluator code coverage,org.jpmml.evaluator.naive_bayes,ProbabilityMap,13,3,0,0,5,2,2,1,2,1
PMML class model evaluator code coverage,org.jpmml.evaluator.naive_bayes,RichBayesInput,24,77,2,6,5,24,3,7,1,5
PMML class model evaluator code coverage,org.jpmml.evaluator.association,Association.new Object() {...},3,23,0,0,0,1,0,1,0,1
PMML class model evaluator code coverage,org.jpmml.evaluator.association,Association,33,117,4,10,9,38,6,12,2,8
PMML class model evaluator code coverage,org.jpmml.evaluator.association,AssociationModelEvaluator,179,553,25,67,25,154,25,38,3,14
PMML class model evaluator code coverage,org.jpmml.evaluator.association,AssociationModelEvaluator.ItemValue,0,42,0,0,0,17,0,7,0,7
PMML class model evaluator code coverage,org.jpmml.evaluator.association,AssociationModelEvaluator.new CacheLoader() {...},0,7,0,0,0,2,0,2,0,2
PMML class model evaluator code coverage,org.jpmml.evaluator.association,AssociationModelEvaluator.new CacheLoader() {...},0,7,0,0,0,2,0,2,0,2
PMML class model evaluator code coverage,org.jpmml.evaluator.association,AssociationModelEvaluator.new CacheLoader() {...},0,7,0,0,0,2,0,2,0,2
PMML class model evaluator code coverage,org.jpmml.evaluator.association,AssociationModelEvaluator.new Object() {...},1,11,0,0,0,1,0,1,0,1
PMML class model evaluator code coverage,org.jpmml.evaluator.association,AssociationModelEvaluator.new Association() {...},0,21,0,0,0,4,0,4,0,4
PMML class model evaluator code coverage,org.jpmml.evaluator.association,AssociationModelEvaluator.new Callable() {...},0,10,0,0,0,2,0,2,0,2
PMML class model evaluator code coverage,org.jpmml.evaluator.functions,AbstractFunction,72,100,5,7,5,22,4,13,0,11
PMML class model evaluator code coverage,org.jpmml.evaluator.functions,StringFunction,0,24,0,0,0,6,0,3,0,3
PMML class model evaluator code coverage,org.jpmml.evaluator.functions,AbstractNumericFunction,24,42,1,5,1,10,1,4,0,2
PMML class model evaluator code coverage,org.jpmml.evaluator.functions,ComparisonFunction,0,29,0,0,0,6,0,3,0,3
PMML class model evaluator code coverage,org.jpmml.evaluator.functions,MathFunction,0,29,0,0,0,7,0,3,0,3
PMML class model evaluator code coverage,org.jpmml.evaluator.functions,ArithmeticFunction,0,53,0,4,0,13,0,5,0,3
PMML class model evaluator code coverage,org.jpmml.evaluator.functions,AggregateFunction,0,62,0,8,0,17,0,7,0,3
PMML class model evaluator code coverage,org.jpmml.evaluator.functions,PercentileFunction,15,73,2,4,1,16,2,5,0,4
PMML class model evaluator code coverage,org.jpmml.evaluator.functions,StandardDeviationFunction,0,73,0,4,0,18,0,6,0,4
PMML class model evaluator code coverage,org.jpmml.evaluator.functions,MeanFunction,0,54,0,2,0,14,0,5,0,4
PMML class model evaluator code coverage,org.jpmml.evaluator.functions,FpMathFunction,0,25,0,0,0,6,0,3,0,3
PMML class model evaluator code coverage,org.jpmml.evaluator.functions,UnaryBooleanFunction,0,24,0,0,0,6,0,3,0,3
PMML class model evaluator code coverage,org.jpmml.evaluator.functions,ValueFunction,0,24,0,0,0,6,0,3,0,3
PMML class model evaluator code coverage,org.jpmml.evaluator.functions,AbstractNumericFunction.new Object() {...},3,23,0,0,0,1,0,1,0,1
PMML class model evaluator code coverage,org.jpmml.evaluator.functions,ValueListFunction,0,40,0,2,0,8,0,4,0,3
PMML class model evaluator code coverage,org.jpmml.evaluator.functions,EqualityFunction,0,29,0,0,0,6,0,3,0,3
PMML class model evaluator code coverage,org.jpmml.evaluator.functions,BinaryBooleanFunction,0,35,0,2,0,7,0,3,0,2
PMML class model evaluator code coverage,org.jpmml.evaluator.functions,TrigonometricFunction,0,30,0,2,0,8,0,3,0,2
PMML class model evaluator code coverage,org.jpmml.evaluator.rule_set,RuleSetModelEvaluator,57,296,12,34,11,78,14,18,2,6
PMML class model evaluator code coverage,org.jpmml.evaluator.rule_set,SimpleRuleScoreDistribution,21,28,2,2,6,11,5,3,3,3
PMML class model evaluator code coverage,org.jpmml.evaluator.rule_set,RuleSetModelEvaluator.new CacheLoader() {...},5,70,1,5,1,18,1,6,0,4
PMML class model evaluator code coverage,org.jpmml.evaluator.rule_set,RuleSetModelEvaluator.new Object() {...},3,23,0,0,0,1,0,1,0,1
PMML class model evaluator code coverage,org.jpmml.evaluator.rule_set,RuleSetModelEvaluator.new SimpleRuleScoreDistribution() {...},0,11,0,0,0,2,0,2,0,2
PMML class model evaluator code coverage,org.jpmml.evaluator.neural_network,NeuronProbabilityDistribution,7,9,0,0,2,3,2,2,2,2
PMML class model evaluator code coverage,org.jpmml.evaluator.neural_network,NeuralNetworkEvaluator,323,545,57,62,69,151,50,21,2,9
PMML class model evaluator code coverage,org.jpmml.evaluator.neural_network,NeuralNetworkUtil,49,24,15,5,15,10,14,5,0,2
PMML class model evaluator code coverage,org.jpmml.evaluator.neural_network,NeuralNetworkEvaluator.new Object() {...},16,105,0,0,0,2,0,1,0,1
PMML class model evaluator code coverage,org.jpmml.evaluator.neural_network,NeuralNetworkEvaluator.new NeuronProbabilityDistribution() {...},3,10,0,0,1,1,1,1,1,1
PMML class model evaluator code coverage,org.jpmml.evaluator.neural_network,NeuralNetworkEvaluator.new CacheLoader() {...},0,69,0,6,0,15,0,5,0,2
PMML class model evaluator code coverage,org.jpmml.evaluator.neural_network,NeuralNetworkUtil.new Object() {...},16,105,0,0,0,2,0,1,0,1
